This is a list of ice cream ratings,,,
,,,
Date,Flavor Rating,Texture Rating,Overall Rating
01-01-22,0.223090399,0.040219739,0.600129296
01-02-22,0.635885795,0.938475783,0.106263596
01-03-22,0.4423229,0.044154093,0.59811156
01-04-22,0.389127546,0.549675747,0.489353146
01-05-22,0.386886872,0.519439148,0.988279561
01-06-22,0.877983989,0.19358754,0.83282696
01-07-22,0.140995326,0.325110425,0.105147398
